{"name":"makeovermonday_2023w18","title":"2023/W18: Federal minimum wage by State","description":"How many people earned the Federal minimum wage or less in each State?\n\n---\n{\"editor\":\"simple\"}\n---\n# Original Visualization\n![](https://mediauploads.data.world/e49272041e4cbf38eeba06ef9d7066174b8a5496997773b9984e819bd677060f_image.png)\n\n​\n\n# Resources\nChart Source/Article: [Insider](https://www.businessinsider.com/federal-minimum-wage-workers-map-2018-10?r=US&IR=T)\n\nData source: [Bureau of Labor Statistics](https://www.bls.gov/opub/reports/minimum-wage/2021/home.htm)","homepage":"https://data.world/makeovermonday/2023w18","resources":[{"name":"2015","schema":{"fields":[{"name":"state","title":"State","type":"string","rdfType":"http://www.w3.org/2001/XMLSchema#string","dwSourceId":"state"},{"name":"total","title":"Total","type":"number","rdfType":"http://www.w3.org/2001/XMLSchema#decimal","dwSourceId":"total"},{"name":"at_minimum_wage","title":"At Minimum Wage","type":"number","rdfType":"http://www.w3.org/2001/XMLSchema#decimal","dwSourceId":"at_minimum_wage"},{"name":"below_minimum_wage","title":"Below Minimum Wage","type":"number","rdfType":"http://www.w3.org/2001/XMLSchema#decimal","dwSourceId":"below_minimum_wage"}]},"path":"data/2015.csv","format":"csv"},{"name":"2016","schema":{"fields":[{"name":"state","title":"State","type":"string","rdfType":"http://www.w3.org/2001/XMLSchema#string","dwSourceId":"state"},{"name":"total","title":"Total","type":"number","rdfType":"http://www.w3.org/2001/XMLSchema#decimal","dwSourceId":"total"},{"name":"at_minimum_wage","title":"At Minimum Wage","type":"number","rdfType":"http://www.w3.org/2001/XMLSchema#decimal","dwSourceId":"at_minimum_wage"},{"name":"below_minimum_wage","title":"Below Minimum Wage","type":"number","rdfType":"http://www.w3.org/2001/XMLSchema#decimal","dwSourceId":"below_minimum_wage"}]},"path":"data/2016.csv","format":"csv"},{"name":"2017","schema":{"fields":[{"name":"state","title":"State","type":"string","rdfType":"http://www.w3.org/2001/XMLSchema#string","dwSourceId":"state"},{"name":"total","title":"Total","type":"number","rdfType":"http://www.w3.org/2001/XMLSchema#decimal","dwSourceId":"total"},{"name":"at_minimum_wage","title":"At Minimum Wage","type":"number","rdfType":"http://www.w3.org/2001/XMLSchema#decimal","dwSourceId":"at_minimum_wage"},{"name":"below_minimum_wage","title":"Below Minimum Wage","type":"number","rdfType":"http://www.w3.org/2001/XMLSchema#decimal","dwSourceId":"below_minimum_wage"}]},"path":"data/2017.csv","format":"csv"},{"name":"2018","schema":{"fields":[{"name":"state","title":"State","type":"string","rdfType":"http://www.w3.org/2001/XMLSchema#string","dwSourceId":"state"},{"name":"total","title":"Total","type":"number","rdfType":"http://www.w3.org/2001/XMLSchema#decimal","dwSourceId":"total"},{"name":"at_minimum_wage","title":"At Minimum Wage","type":"number","rdfType":"http://www.w3.org/2001/XMLSchema#decimal","dwSourceId":"at_minimum_wage"},{"name":"below_minimum_wage","title":"Below Minimum Wage","type":"number","rdfType":"http://www.w3.org/2001/XMLSchema#decimal","dwSourceId":"below_minimum_wage"}]},"path":"data/2018.csv","format":"csv"},{"name":"2019","schema":{"fields":[{"name":"state","title":"State","type":"string","rdfType":"http://www.w3.org/2001/XMLSchema#string","dwSourceId":"state"},{"name":"total","title":"Total","type":"number","rdfType":"http://www.w3.org/2001/XMLSchema#decimal","dwSourceId":"total"},{"name":"at_minimum_wage","title":"At Minimum Wage","type":"number","rdfType":"http://www.w3.org/2001/XMLSchema#decimal","dwSourceId":"at_minimum_wage"},{"name":"below_minimum_wage","title":"Below Minimum Wage","type":"number","rdfType":"http://www.w3.org/2001/XMLSchema#decimal","dwSourceId":"below_minimum_wage"}]},"path":"data/2019.csv","format":"csv"},{"name":"2020","schema":{"fields":[{"name":"state","title":"State","type":"string","rdfType":"http://www.w3.org/2001/XMLSchema#string","dwSourceId":"state"},{"name":"total","title":"Total","type":"number","rdfType":"http://www.w3.org/2001/XMLSchema#decimal","dwSourceId":"total"},{"name":"at_minimum_wage","title":"At Minimum Wage","type":"number","rdfType":"http://www.w3.org/2001/XMLSchema#decimal","dwSourceId":"at_minimum_wage"},{"name":"below_minimum_wage","title":"Below Minimum Wage","type":"number","rdfType":"http://www.w3.org/2001/XMLSchema#decimal","dwSourceId":"below_minimum_wage"}]},"path":"data/2020.csv","format":"csv"},{"name":"2021","schema":{"fields":[{"name":"state","title":"State","type":"string","rdfType":"http://www.w3.org/2001/XMLSchema#string","dwSourceId":"state"},{"name":"total","title":"Total","type":"number","rdfType":"http://www.w3.org/2001/XMLSchema#decimal","dwSourceId":"total"},{"name":"at_minimum_wage","title":"At Minimum Wage","type":"number","rdfType":"http://www.w3.org/2001/XMLSchema#decimal","dwSourceId":"at_minimum_wage"},{"name":"below_minimum_wage","title":"Below Minimum Wage","type":"number","rdfType":"http://www.w3.org/2001/XMLSchema#decimal","dwSourceId":"below_minimum_wage"}]},"path":"data/2021.csv","format":"csv"},{"name":"original/Minimum Wage or Less by State.xlsx","path":"original/Minimum Wage or Less by State.xlsx","format":"xlsx","mediatype":"application/vnd.openxmlformats-officedocument.spreadsheetml.sheet","bytes":22541}],"keywords":["makeover monday","usa","united states","earning","wages","minimum wage","state"]}